id_pedido,data_pedido,id_fornecedor,id_material,quantidade_pedida,preco_unitario,valor_total_pedido,data_prevista_entrega,status_pedido,fornecedor,estado,categoria_fornecedor,criticidade,sla_dias,material,categoria_material,estoque_minimo,estoque_atual,unidade_medida,id_entrega,data_entrega,quantidade_recebida,divergencia_quantidade,entregue_no_prazo,entrega_completa,otif,quantidade_avariada,qtd_registros_avaria,lead_time_dias,dias_atraso,pedido_atrasado,estoque_critico,mes_pedido
PC00001,2025-10-17,F003,M0001,277,274.38,76003.26,2025-11-03,Entregue,Fornecedor Sintetico 03,RJ,Serviços,Baixa,15,Material Sintetico 0001,Correias,137,242,M,E00001,2025-11-07,277.0,0.0,0,1.0,0.0,0,0,21.0,4.0,1,0,2025-10
PC00002,2025-11-27,F015,M0017,163,392.98,64055.74,2025-12-07,Entregue,Fornecedor Sintetico 15,RS,Logística,Alta,10,Material Sintetico 0017,Elétricos,61,57,L,E00002,2025-12-09,163.0,0.0,0,1.0,0.0,17,1,12.0,2.0,1,1,2025-11
PC00003,2025-02-05,F017,M0020,460,213.69,98297.4,2025-02-27,Entregue,Fornecedor Sintetico 17,BA,Logística,Alta,20,Material Sintetico 0020,Elétricos,81,58,KG,E00003,2025-03-05,457.0,-3.0,0,0.0,0.0,0,0,28.0,6.0,1,1,2025-02
PC00004,2025-09-28,F009,M0002,14,570.34,7984.76,2025-11-02,Entregue,Fornecedor Sintetico 09,SC,Elétricos,Alta,30,Material Sintetico 0002,Correntes,55,78,L,E00004,2025-11-06,14.0,0.0,0,1.0,0.0,0,0,39.0,4.0,1,0,2025-09
PC00005,2025-10-11,F026,M0051,89,237.32,21121.48,2025-10-23,Entregue,Fornecedor Sintetico 26,GO,Embalagens,Baixa,7,Material Sintetico 0051,EPIs,136,228,CX,E00005,2025-10-23,86.0,-3.0,1,0.0,0.0,0,0,12.0,0.0,0,0,2025-10
PC00006,2025-01-27,F018,M0003,57,542.07,30897.99,2025-02-03,Entregue,Fornecedor Sintetico 18,RJ,Metais,Baixa,5,Material Sintetico 0003,Peças industriais,87,161,L,E00006,2025-02-03,57.0,0.0,1,1.0,1.0,0,0,7.0,0.0,0,0,2025-01
PC00007,2025-08-15,F011,M0055,292,602.17,175833.64,2025-09-19,Entregue,Fornecedor Sintetico 11,SC,Embalagens,Alta,30,Material Sintetico 0055,Embalagens,32,66,L,E00007,2025-09-17,292.0,0.0,1,1.0,1.0,0,0,33.0,-2.0,0,0,2025-08
PC00008,2025-10-26,F005,M0015,292,132.69,38745.48,2025-11-01,Entregue,Fornecedor Sintetico 05,SP,Metais,Alta,5,Material Sintetico 0015,EPIs,47,25,L,E00008,2025-11-01,292.0,0.0,1,1.0,1.0,0,0,6.0,0.0,0,1,2025-10
PC00009,2025-05-08,F025,M0029,351,94.55,33187.05,2025-06-02,Parcial,Fornecedor Sintetico 25,RS,MRO,Média,20,Material Sintetico 0029,Correntes,25,29,L,E00009,2025-06-03,255.0,-96.0,0,0.0,0.0,28,1,26.0,1.0,1,0,2025-05
PC00010,2025-01-13,F010,M0018,101,628.19,63447.19,2025-01-22,Parcial,Fornecedor Sintetico 10,MG,Serviços,Média,7,Material Sintetico 0018,Embalagens,102,170,UN,E00010,2025-01-23,75.0,-26.0,0,0.0,0.0,0,0,10.0,1.0,1,0,2025-01
PC00011,2025-03-23,F016,M0046,413,598.48,247172.24,2025-04-25,Parcial,Fornecedor Sintetico 16,RJ,Logística,Média,30,Material Sintetico 0046,Ferramentas,23,25,KG,E00011,2025-05-01,227.0,-186.0,0,0.0,0.0,0,0,39.0,6.0,1,0,2025-03
PC00012,2025-06-06,F029,M0059,430,677.68,291402.4,2025-06-14,Entregue,Fornecedor Sintetico 29,PR,Logística,Baixa,7,Material Sintetico 0059,Correntes,50,84,L,E00012,2025-06-18,420.0,-10.0,0,0.0,0.0,0,0,12.0,4.0,1,0,2025-06
PC00013,2025-05-23,F010,M0002,189,548.13,103596.57,2025-06-02,Entregue,Fornecedor Sintetico 10,MG,Serviços,Média,7,Material Sintetico 0002,Correntes,55,78,L,E00013,2025-06-08,184.0,-5.0,0,0.0,0.0,0,0,16.0,6.0,1,0,2025-05
PC00014,2025-05-14,F002,M0011,101,496.86,50182.86,2025-06-05,Entregue,Fornecedor Sintetico 02,PR,Embalagens,Alta,20,Material Sintetico 0011,Lubrificantes,88,109,UN,E00014,2025-06-07,96.0,-5.0,0,0.0,0.0,0,0,24.0,2.0,1,0,2025-05
PC00015,2025-11-07,F029,M0044,271,105.37,28555.27,2025-11-19,Entregue,Fornecedor Sintetico 29,PR,Logística,Baixa,7,Material Sintetico 0044,Ferramentas,83,110,CX,E00015,2025-11-16,261.0,-10.0,1,0.0,0.0,12,1,9.0,-3.0,0,0,2025-11
PC00016,2025-06-19,F003,M0054,329,272.32,89593.28,2025-07-04,Entregue,Fornecedor Sintetico 03,RJ,Serviços,Baixa,15,Material Sintetico 0054,Lubrificantes,35,64,UN,E00016,2025-07-04,326.0,-3.0,1,0.0,0.0,0,0,15.0,0.0,0,0,2025-06
PC00017,2025-06-01,F006,M0031,293,115.18,33747.74,2025-06-19,Entregue,Fornecedor Sintetico 06,GO,Logística,Alta,15,Material Sintetico 0031,Correntes,35,40,UN,E00017,2025-06-19,293.0,0.0,1,1.0,1.0,0,0,18.0,0.0,0,0,2025-06
PC00018,2025-10-08,F029,M0025,436,8.34,3636.24,2025-10-17,Entregue,Fornecedor Sintetico 29,PR,Logística,Baixa,7,Material Sintetico 0025,EPIs,71,85,CX,E00018,2025-10-23,431.0,-5.0,0,0.0,0.0,0,0,15.0,6.0,1,0,2025-10
PC00019,2025-04-20,F018,M0044,271,406.42,110139.82,2025-05-02,Entregue,Fornecedor Sintetico 18,RJ,Metais,Baixa,5,Material Sintetico 0044,Ferramentas,83,110,CX,E00019,2025-04-30,276.0,5.0,1,1.0,1.0,0,0,10.0,-2.0,0,0,2025-04
PC00020,2025-02-17,F006,M0038,429,809.58,347309.82,2025-03-05,Entregue,Fornecedor Sintetico 06,GO,Logística,Alta,15,Material Sintetico 0038,Peças industriais,128,54,CX,E00020,2025-03-05,429.0,0.0,1,1.0,1.0,16,1,16.0,0.0,0,1,2025-02
PC00021,2025-11-19,F006,M0009,304,171.71,52199.84,2025-12-11,Entregue,Fornecedor Sintetico 06,GO,Logística,Alta,15,Material Sintetico 0009,EPIs,139,172,L,E00021,2025-12-12,304.0,0.0,0,1.0,0.0,0,0,23.0,1.0,1,0,2025-11
PC00022,2025-02-24,F008,M0032,408,365.97,149315.76,2025-03-07,Parcial,Fornecedor Sintetico 08,GO,MRO,Alta,10,Material Sintetico 0032,Lubrificantes,28,70,UN,E00022,2025-03-11,268.0,-140.0,0,0.0,0.0,0,0,15.0,4.0,1,0,2025-02
PC00023,2025-03-04,F011,M0041,243,120.27,29225.61,2025-04-06,Entregue,Fornecedor Sintetico 11,SC,Embalagens,Alta,30,Material Sintetico 0041,Correntes,83,158,KG,E00023,2025-04-18,238.0,-5.0,0,0.0,0.0,0,0,45.0,12.0,1,0,2025-03
PC00024,2025-11-10,F004,M0040,427,613.63,262020.01,2025-11-18,Entregue,Fornecedor Sintetico 04,RJ,Logística,Média,3,Material Sintetico 0040,Lubrificantes,123,197,UN,E00024,2025-11-27,429.0,2.0,0,1.0,0.0,0,0,17.0,9.0,1,0,2025-11
PC00025,2025-09-01,F010,M0039,240,226.24,54297.6,2025-09-09,Parcial,Fornecedor Sintetico 10,MG,Serviços,Média,7,Material Sintetico 0039,Ferramentas,33,25,UN,E00025,2025-09-09,191.0,-49.0,1,0.0,0.0,0,0,8.0,0.0,0,1,2025-09
PC00026,2025-08-14,F014,M0007,49,608.8,29831.2,2025-09-04,Entregue,Fornecedor Sintetico 14,SC,Elétricos,Alta,20,Material Sintetico 0007,Peças industriais,60,142,L,E00026,2025-09-04,54.0,5.0,1,1.0,1.0,2,1,21.0,0.0,0,0,2025-08
PC00027,2025-02-02,F028,M0044,222,351.2,77966.4,2025-02-10,Entregue,Fornecedor Sintetico 28,BA,MRO,Média,3,Material Sintetico 0044,Ferramentas,83,110,CX,E00027,2025-02-08,212.0,-10.0,1,0.0,0.0,0,0,6.0,-2.0,0,0,2025-02
PC00028,2025-01-11,F003,M0051,448,749.51,335780.48,2025-01-31,Entregue,Fornecedor Sintetico 03,RJ,Serviços,Baixa,15,Material Sintetico 0051,EPIs,136,228,CX,E00028,2025-01-28,443.0,-5.0,1,0.0,0.0,0,0,17.0,-3.0,0,0,2025-01
PC00029,2025-08-03,F011,M0003,285,637.41,181661.85,2025-09-07,Parcial,Fornecedor Sintetico 11,SC,Embalagens,Alta,30,Material Sintetico 0003,Peças industriais,87,161,L,E00029,2025-09-16,190.0,-95.0,0,0.0,0.0,0,0,44.0,9.0,1,0,2025-08
PC00030,2025-07-19,F017,M0013,182,571.19,103956.58,2025-08-11,Entregue,Fornecedor Sintetico 17,BA,Logística,Alta,20,Material Sintetico 0013,Elétricos,136,222,M,E00030,2025-08-17,182.0,0.0,0,1.0,0.0,0,0,29.0,6.0,1,0,2025-07
PC00031,2025-07-21,F012,M0022,313,483.22,151247.86,2025-07-31,Entregue,Fornecedor Sintetico 12,BA,Metais,Alta,10,Material Sintetico 0022,Correias,37,50,KG,E00031,2025-08-01,315.0,2.0,0,1.0,0.0,0,0,11.0,1.0,1,0,2025-07
PC00032,2025-06-17,F006,M0045,118,390.86,46121.48,2025-07-04,Parcial,Fornecedor Sintetico 06,GO,Logística,Alta,15,Material Sintetico 0045,Elétricos,45,30,L,E00032,2025-07-04,93.0,-25.0,1,0.0,0.0,0,0,17.0,0.0,0,1,2025-06
PC00033,2025-02-11,F018,M0052,250,24.32,6080.0,2025-02-21,Entregue,Fornecedor Sintetico 18,RJ,Metais,Baixa,5,Material Sintetico 0052,Correias,144,185,KG,E00033,2025-03-05,250.0,0.0,0,1.0,0.0,0,0,22.0,12.0,1,0,2025-02
PC00034,2025-01-21,F028,M0010,396,34.13,13515.48,2025-01-25,Entregue,Fornecedor Sintetico 28,BA,MRO,Média,3,Material Sintetico 0010,Ferramentas,22,39,L,E00034,2025-01-22,396.0,0.0,1,1.0,1.0,0,0,1.0,-3.0,0,0,2025-01
PC00035,2025-02-28,F019,M0043,298,806.01,240190.98,2025-04-02,Entregue,Fornecedor Sintetico 19,SC,Metais,Alta,30,Material Sintetico 0043,EPIs,66,94,CX,E00035,2025-04-06,298.0,0.0,0,1.0,0.0,0,0,37.0,4.0,1,0,2025-02
PC00036,2025-02-28,F019,M0060,408,697.85,284722.8,2025-04-01,Entregue,Fornecedor Sintetico 19,SC,Metais,Alta,30,Material Sintetico 0060,Ferramentas,30,61,CX,E00036,2025-03-29,405.0,-3.0,1,0.0,0.0,0,0,29.0,-3.0,0,0,2025-02
PC00037,2025-07-23,F023,M0031,492,610.04,300139.68,2025-07-28,Entregue,Fornecedor Sintetico 23,RJ,Logística,Baixa,5,Material Sintetico 0031,Correntes,35,40,UN,E00037,2025-08-03,492.0,0.0,0,1.0,0.0,55,1,11.0,6.0,1,0,2025-07
PC00038,2025-01-22,F016,M0011,187,456.57,85378.59,2025-02-28,Entregue,Fornecedor Sintetico 16,RJ,Logística,Média,30,Material Sintetico 0011,Lubrificantes,88,109,UN,E00038,2025-03-01,182.0,-5.0,0,0.0,0.0,16,1,38.0,1.0,1,0,2025-01
PC00039,2025-08-24,F016,M0006,372,136.82,50897.04,2025-09-24,Entregue,Fornecedor Sintetico 16,RJ,Logística,Média,30,Material Sintetico 0006,Ferramentas,32,43,KG,E00039,2025-10-06,369.0,-3.0,0,0.0,0.0,0,0,43.0,12.0,1,0,2025-08
PC00040,2025-09-05,F005,M0025,248,374.75,92938.0,2025-09-17,Entregue,Fornecedor Sintetico 05,SP,Metais,Alta,5,Material Sintetico 0025,EPIs,71,85,CX,E00040,2025-09-17,248.0,0.0,1,1.0,1.0,0,0,12.0,0.0,0,0,2025-09
PC00041,2025-08-19,F011,M0028,134,639.9,85746.6,2025-09-23,Entregue,Fornecedor Sintetico 11,SC,Embalagens,Alta,30,Material Sintetico 0028,Ferramentas,77,131,M,E00041,2025-09-23,134.0,0.0,1,1.0,1.0,0,0,35.0,0.0,0,0,2025-08
PC00042,2025-09-07,F012,M0009,118,306.76,36197.68,2025-09-19,Entregue,Fornecedor Sintetico 12,BA,Metais,Alta,10,Material Sintetico 0009,EPIs,139,172,L,E00042,2025-09-28,115.0,-3.0,0,0.0,0.0,0,0,21.0,9.0,1,0,2025-09
PC00043,2025-04-08,F004,M0010,53,211.22,11194.66,2025-04-14,Entregue,Fornecedor Sintetico 04,RJ,Logística,Média,3,Material Sintetico 0010,Ferramentas,22,39,L,E00043,2025-04-18,55.0,2.0,0,1.0,0.0,0,0,10.0,4.0,1,0,2025-04
PC00044,2025-01-09,F005,M0044,57,255.75,14577.75,2025-01-17,Entregue,Fornecedor Sintetico 05,SP,Metais,Alta,5,Material Sintetico 0044,Ferramentas,83,110,CX,E00044,2025-01-17,52.0,-5.0,1,0.0,0.0,0,0,8.0,0.0,0,0,2025-01
PC00045,2025-08-06,F019,M0055,391,471.43,184329.13,2025-09-07,Entregue,Fornecedor Sintetico 19,SC,Metais,Alta,30,Material Sintetico 0055,Embalagens,32,66,L,E00045,2025-09-07,388.0,-3.0,1,0.0,0.0,0,0,32.0,0.0,0,0,2025-08
PC00046,2025-06-11,F004,M0007,71,633.51,44979.21,2025-06-21,Entregue,Fornecedor Sintetico 04,RJ,Logística,Média,3,Material Sintetico 0007,Peças industriais,60,142,L,E00046,2025-06-21,73.0,2.0,1,1.0,1.0,0,0,10.0,0.0,0,0,2025-06
PC00047,2025-09-26,F024,M0003,315,246.28,77578.2,2025-10-01,Parcial,Fornecedor Sintetico 24,GO,Serviços,Alta,5,Material Sintetico 0003,Peças industriais,87,161,L,E00047,2025-10-01,192.0,-123.0,1,0.0,0.0,0,0,5.0,0.0,0,0,2025-09
PC00048,2025-03-06,F003,M0045,150,46.32,6948.0,2025-03-21,Entregue,Fornecedor Sintetico 03,RJ,Serviços,Baixa,15,Material Sintetico 0045,Elétricos,45,30,L,E00048,2025-03-25,150.0,0.0,0,1.0,0.0,0,0,19.0,4.0,1,1,2025-03
PC00049,2025-02-22,F019,M0018,456,18.33,8358.48,2025-03-26,Entregue,Fornecedor Sintetico 19,SC,Metais,Alta,30,Material Sintetico 0018,Embalagens,102,170,UN,E00049,2025-03-27,456.0,0.0,0,1.0,0.0,0,0,33.0,1.0,1,0,2025-02
PC00050,2025-09-02,F002,M0039,68,700.22,47614.96,2025-09-25,Entregue,Fornecedor Sintetico 02,PR,Embalagens,Alta,20,Material Sintetico 0039,Ferramentas,33,25,UN,E00050,2025-09-27,68.0,0.0,0,1.0,0.0,2,1,25.0,2.0,1,1,2025-09
PC00051,2025-08-02,F003,M0028,320,509.94,163180.8,2025-08-22,Entregue,Fornecedor Sintetico 03,RJ,Serviços,Baixa,15,Material Sintetico 0028,Ferramentas,77,131,M,E00051,2025-08-23,322.0,2.0,0,1.0,0.0,0,0,21.0,1.0,1,0,2025-08
PC00052,2025-10-29,F011,M0059,229,265.13,60714.77,2025-12-03,Entregue,Fornecedor Sintetico 11,SC,Embalagens,Alta,30,Material Sintetico 0059,Correntes,50,84,L,E00052,2025-12-15,229.0,0.0,0,1.0,0.0,0,0,47.0,12.0,1,0,2025-10
PC00053,2025-04-19,F005,M0052,145,564.08,81791.6,2025-04-25,Entregue,Fornecedor Sintetico 05,SP,Metais,Alta,5,Material Sintetico 0052,Correias,144,185,KG,E00053,2025-04-27,145.0,0.0,0,1.0,0.0,16,1,8.0,2.0,1,0,2025-04
PC00054,2025-05-25,F001,M0044,369,731.79,270030.51,2025-06-01,Entregue,Fornecedor Sintetico 01,RJ,Metais,Baixa,7,Material Sintetico 0044,Ferramentas,83,110,CX,E00054,2025-06-10,369.0,0.0,0,1.0,0.0,0,0,16.0,9.0,1,0,2025-05
PC00055,2025-03-18,F024,M0053,475,231.66,110038.5,2025-03-24,Entregue,Fornecedor Sintetico 24,GO,Serviços,Alta,5,Material Sintetico 0053,Correntes,95,107,UN,E00055,2025-03-23,472.0,-3.0,1,0.0,0.0,0,0,5.0,-1.0,0,0,2025-03
PC00056,2025-05-28,F004,M0042,234,112.71,26374.14,2025-06-07,Entregue,Fornecedor Sintetico 04,RJ,Logística,Média,3,Material Sintetico 0042,Correias,134,213,CX,E00056,2025-06-08,231.0,-3.0,0,0.0,0.0,0,0,11.0,1.0,1,0,2025-05
PC00057,2025-02-11,F005,M0051,316,41.56,13132.96,2025-02-19,Entregue,Fornecedor Sintetico 05,SP,Metais,Alta,5,Material Sintetico 0051,EPIs,136,228,CX,E00057,2025-02-21,316.0,0.0,0,1.0,0.0,18,1,10.0,2.0,1,0,2025-02
PC00058,2025-03-31,F014,M0023,250,444.97,111242.5,2025-04-23,Cancelado,Fornecedor Sintetico 14,SC,Elétricos,Alta,20,Material Sintetico 0023,Correias,141,216,M,,,,,,,,0,0,,,0,0,2025-03
PC00059,2025-08-12,F009,M0052,335,693.59,232352.65,2025-09-11,Entregue,Fornecedor Sintetico 09,SC,Elétricos,Alta,30,Material Sintetico 0052,Correias,144,185,KG,E00059,2025-09-12,330.0,-5.0,0,0.0,0.0,0,0,31.0,1.0,1,0,2025-08
PC00060,2025-06-18,F005,M0016,220,592.07,130255.4,2025-06-25,Entregue,Fornecedor Sintetico 05,SP,Metais,Alta,5,Material Sintetico 0016,Correias,70,83,M,E00060,2025-06-26,225.0,5.0,0,1.0,0.0,11,1,8.0,1.0,1,0,2025-06
PC00061,2025-07-26,F024,M0032,452,441.29,199463.08,2025-07-31,Entregue,Fornecedor Sintetico 24,GO,Serviços,Alta,5,Material Sintetico 0032,Lubrificantes,28,70,UN,E00061,2025-08-02,442.0,-10.0,0,0.0,0.0,40,1,7.0,2.0,1,0,2025-07
PC00062,2025-04-15,F014,M0045,146,470.44,68684.24,2025-05-07,Entregue,Fornecedor Sintetico 14,SC,Elétricos,Alta,20,Material Sintetico 0045,Elétricos,45,30,L,E00062,2025-05-11,146.0,0.0,0,1.0,0.0,6,1,26.0,4.0,1,1,2025-04
PC00063,2025-02-17,F001,M0044,125,843.48,105435.0,2025-02-24,Entregue,Fornecedor Sintetico 01,RJ,Metais,Baixa,7,Material Sintetico 0044,Ferramentas,83,110,CX,E00063,2025-02-23,125.0,0.0,1,1.0,1.0,0,0,6.0,-1.0,0,0,2025-02
PC00064,2025-09-18,F003,M0036,371,238.22,88379.62,2025-10-06,Em aberto,Fornecedor Sintetico 03,RJ,Serviços,Baixa,15,Material Sintetico 0036,Correntes,124,102,UN,E00064,,0.0,-371.0,,0.0,0.0,0,0,,,0,1,2025-09
PC00065,2025-07-16,F002,M0019,107,784.21,83910.47,2025-08-10,Entregue,Fornecedor Sintetico 02,PR,Embalagens,Alta,20,Material Sintetico 0019,Lubrificantes,48,48,M,E00065,2025-08-09,107.0,0.0,1,1.0,1.0,0,0,24.0,-1.0,0,0,2025-07
PC00066,2025-08-01,F020,M0027,184,794.64,146213.76,2025-08-16,Entregue,Fornecedor Sintetico 20,RJ,MRO,Média,10,Material Sintetico 0027,Ferramentas,135,117,KG,E00066,2025-08-13,181.0,-3.0,1,0.0,0.0,0,0,12.0,-3.0,0,1,2025-08
PC00067,2025-09-08,F014,M0053,453,133.12,60303.36,2025-10-03,Entregue,Fornecedor Sintetico 14,SC,Elétricos,Alta,20,Material Sintetico 0053,Correntes,95,107,UN,E00067,2025-10-03,458.0,5.0,1,1.0,1.0,0,0,25.0,0.0,0,0,2025-09
PC00068,2025-04-07,F001,M0057,367,209.07,76728.69,2025-04-17,Entregue,Fornecedor Sintetico 01,RJ,Metais,Baixa,7,Material Sintetico 0057,Correias,40,41,UN,E00068,2025-04-21,367.0,0.0,0,1.0,0.0,0,0,14.0,4.0,1,0,2025-04
PC00069,2025-07-15,F013,M0026,207,840.24,173929.68,2025-08-06,Em aberto,Fornecedor Sintetico 13,RJ,Químicos,Média,15,Material Sintetico 0026,Embalagens,115,179,L,E00069,,0.0,-207.0,,0.0,0.0,0,0,,,0,0,2025-07
PC00070,2025-09-15,F018,M0059,312,287.54,89712.48,2025-09-20,Parcial,Fornecedor Sintetico 18,RJ,Metais,Baixa,5,Material Sintetico 0059,Correntes,50,84,L,E00070,2025-09-21,214.0,-98.0,0,0.0,0.0,0,0,6.0,1.0,1,0,2025-09
PC00071,2025-07-29,F018,M0029,455,559.33,254495.15,2025-08-04,Entregue,Fornecedor Sintetico 18,RJ,Metais,Baixa,5,Material Sintetico 0029,Correntes,25,29,L,E00071,2025-08-10,452.0,-3.0,0,0.0,0.0,0,0,12.0,6.0,1,0,2025-07
PC00072,2025-02-11,F019,M0034,446,284.65,126953.9,2025-03-20,Parcial,Fornecedor Sintetico 19,SC,Metais,Alta,30,Material Sintetico 0034,Correias,74,67,L,E00072,2025-03-20,264.0,-182.0,1,0.0,0.0,0,0,37.0,0.0,0,1,2025-02
PC00073,2025-10-05,F005,M0049,28,527.9,14781.2,2025-10-11,Entregue,Fornecedor Sintetico 05,SP,Metais,Alta,5,Material Sintetico 0049,Correias,35,59,CX,E00073,2025-10-20,28.0,0.0,0,1.0,0.0,0,0,15.0,9.0,1,0,2025-10
PC00074,2025-11-21,F001,M0021,370,742.71,274802.7,2025-12-01,Entregue,Fornecedor Sintetico 01,RJ,Metais,Baixa,7,Material Sintetico 0021,Ferramentas,40,92,CX,E00074,2025-12-01,370.0,0.0,1,1.0,1.0,19,1,10.0,0.0,0,0,2025-11
PC00075,2025-05-06,F001,M0039,281,354.95,99740.95,2025-05-20,Parcial,Fornecedor Sintetico 01,RJ,Metais,Baixa,7,Material Sintetico 0039,Ferramentas,33,25,UN,E00075,2025-05-19,136.0,-145.0,1,0.0,0.0,0,0,13.0,-1.0,0,1,2025-05
PC00076,2025-05-04,F020,M0036,264,776.6,205022.4,2025-05-15,Entregue,Fornecedor Sintetico 20,RJ,MRO,Média,10,Material Sintetico 0036,Correntes,124,102,UN,E00076,2025-05-17,266.0,2.0,0,1.0,0.0,0,0,13.0,2.0,1,1,2025-05
PC00077,2025-08-27,F009,M0022,471,250.19,117839.49,2025-10-01,Entregue,Fornecedor Sintetico 09,SC,Elétricos,Alta,30,Material Sintetico 0022,Correias,37,50,KG,E00077,2025-10-02,466.0,-5.0,0,0.0,0.0,0,0,36.0,1.0,1,0,2025-08
PC00078,2025-08-06,F014,M0014,363,218.58,79344.54,2025-08-28,Entregue,Fornecedor Sintetico 14,SC,Elétricos,Alta,20,Material Sintetico 0014,Correias,148,66,L,E00078,2025-08-28,365.0,2.0,1,1.0,1.0,37,1,22.0,0.0,0,1,2025-08
PC00079,2025-01-12,F017,M0024,434,562.23,244007.82,2025-02-03,Entregue,Fornecedor Sintetico 17,BA,Logística,Alta,20,Material Sintetico 0024,Correntes,128,91,L,E00079,2025-02-09,434.0,0.0,0,1.0,0.0,0,0,28.0,6.0,1,1,2025-01
PC00080,2025-05-27,F009,M0050,407,680.64,277020.48,2025-07-01,Parcial,Fornecedor Sintetico 09,SC,Elétricos,Alta,30,Material Sintetico 0050,Peças industriais,20,10,M,E00080,2025-07-01,217.0,-190.0,1,0.0,0.0,0,0,35.0,0.0,0,1,2025-05
PC00081,2025-03-12,F007,M0043,331,89.81,29727.11,2025-04-08,Entregue,Fornecedor Sintetico 07,PR,Serviços,Baixa,20,Material Sintetico 0043,EPIs,66,94,CX,E00081,2025-04-08,333.0,2.0,1,1.0,1.0,9,1,27.0,0.0,0,0,2025-03
PC00082,2025-08-01,F013,M0035,99,177.07,17529.93,2025-08-21,Parcial,Fornecedor Sintetico 13,RJ,Químicos,Média,15,Material Sintetico 0035,Correntes,141,275,CX,E00082,2025-08-21,66.0,-33.0,1,0.0,0.0,0,0,20.0,0.0,0,0,2025-08
PC00083,2025-09-04,F019,M0009,422,256.51,108247.22,2025-10-06,Parcial,Fornecedor Sintetico 19,SC,Metais,Alta,30,Material Sintetico 0009,EPIs,139,172,L,E00083,2025-10-07,204.0,-218.0,0,0.0,0.0,0,0,33.0,1.0,1,0,2025-09
PC00084,2025-07-23,F008,M0048,443,685.46,303658.78,2025-08-04,Entregue,Fornecedor Sintetico 08,GO,MRO,Alta,10,Material Sintetico 0048,Correntes,143,297,CX,E00084,2025-08-05,440.0,-3.0,0,0.0,0.0,0,0,13.0,1.0,1,0,2025-07
PC00085,2025-05-15,F009,M0008,309,328.82,101605.38,2025-06-21,Em aberto,Fornecedor Sintetico 09,SC,Elétricos,Alta,30,Material Sintetico 0008,Peças industriais,36,69,CX,E00085,,0.0,-309.0,,0.0,0.0,0,0,,,0,0,2025-05
PC00086,2025-01-13,F029,M0054,327,752.53,246077.31,2025-01-25,Entregue,Fornecedor Sintetico 29,PR,Logística,Baixa,7,Material Sintetico 0054,Lubrificantes,35,64,UN,E00086,2025-01-27,327.0,0.0,0,1.0,0.0,0,0,14.0,2.0,1,0,2025-01
PC00087,2025-06-04,F003,M0024,342,351.79,120312.18,2025-06-20,Entregue,Fornecedor Sintetico 03,RJ,Serviços,Baixa,15,Material Sintetico 0024,Correntes,128,91,L,E00087,2025-06-17,344.0,2.0,1,1.0,1.0,35,1,13.0,-3.0,0,1,2025-06
PC00088,2025-10-04,F017,M0021,224,502.54,112568.96,2025-10-31,Entregue,Fornecedor Sintetico 17,BA,Logística,Alta,20,Material Sintetico 0021,Ferramentas,40,92,CX,E00088,2025-11-01,224.0,0.0,0,1.0,0.0,0,0,28.0,1.0,1,0,2025-10
PC00089,2025-05-24,F016,M0008,26,589.22,15319.72,2025-06-24,Entregue,Fornecedor Sintetico 16,RJ,Logística,Média,30,Material Sintetico 0008,Peças industriais,36,69,CX,E00089,2025-07-06,21.0,-5.0,0,0.0,0.0,2,1,43.0,12.0,1,0,2025-05
PC00090,2025-03-04,F002,M0016,495,722.04,357409.8,2025-03-27,Entregue,Fornecedor Sintetico 02,PR,Embalagens,Alta,20,Material Sintetico 0016,Correias,70,83,M,E00090,2025-03-27,495.0,0.0,1,1.0,1.0,16,1,23.0,0.0,0,0,2025-03
PC00091,2025-10-11,F016,M0016,116,501.73,58200.68,2025-11-11,Entregue,Fornecedor Sintetico 16,RJ,Logística,Média,30,Material Sintetico 0016,Correias,70,83,M,E00091,2025-11-10,116.0,0.0,1,1.0,1.0,0,0,30.0,-1.0,0,0,2025-10
PC00092,2025-10-04,F021,M0019,138,680.35,93888.3,2025-10-11,Entregue,Fornecedor Sintetico 21,BA,Embalagens,Média,7,Material Sintetico 0019,Lubrificantes,48,48,M,E00092,2025-10-08,138.0,0.0,1,1.0,1.0,0,0,4.0,-3.0,0,0,2025-10
PC00093,2025-10-29,F015,M0049,175,21.29,3725.75,2025-11-10,Entregue,Fornecedor Sintetico 15,RS,Logística,Alta,10,Material Sintetico 0049,Correias,35,59,CX,E00093,2025-11-14,180.0,5.0,0,1.0,0.0,16,1,16.0,4.0,1,0,2025-10
PC00094,2025-02-25,F012,M0017,241,432.23,104167.43,2025-03-12,Entregue,Fornecedor Sintetico 12,BA,Metais,Alta,10,Material Sintetico 0017,Elétricos,61,57,L,E00094,2025-03-18,246.0,5.0,0,1.0,0.0,0,0,21.0,6.0,1,1,2025-02
PC00095,2025-02-01,F005,M0036,255,721.43,183964.65,2025-02-09,Entregue,Fornecedor Sintetico 05,SP,Metais,Alta,5,Material Sintetico 0036,Correntes,124,102,UN,E00095,2025-02-10,257.0,2.0,0,1.0,0.0,11,1,9.0,1.0,1,1,2025-02
PC00096,2025-05-21,F022,M0045,329,541.05,178005.45,2025-06-15,Entregue,Fornecedor Sintetico 22,PR,Serviços,Média,20,Material Sintetico 0045,Elétricos,45,30,L,E00096,2025-06-15,334.0,5.0,1,1.0,1.0,0,0,25.0,0.0,0,1,2025-05
PC00097,2025-08-09,F016,M0054,60,675.79,40547.4,2025-09-08,Parcial,Fornecedor Sintetico 16,RJ,Logística,Média,30,Material Sintetico 0054,Lubrificantes,35,64,UN,E00097,2025-09-10,47.0,-13.0,0,0.0,0.0,0,0,32.0,2.0,1,0,2025-08
PC00098,2025-08-20,F003,M0011,464,200.39,92980.96,2025-09-06,Parcial,Fornecedor Sintetico 03,RJ,Serviços,Baixa,15,Material Sintetico 0011,Lubrificantes,88,109,UN,E00098,2025-09-07,361.0,-103.0,0,0.0,0.0,0,0,18.0,1.0,1,0,2025-08
PC00099,2025-05-11,F014,M0040,201,810.92,162994.92,2025-06-07,Cancelado,Fornecedor Sintetico 14,SC,Elétricos,Alta,20,Material Sintetico 0040,Lubrificantes,123,197,UN,,,,,,,,0,0,,,0,0,2025-05
PC00100,2025-02-13,F017,M0060,57,371.64,21183.48,2025-03-12,Entregue,Fornecedor Sintetico 17,BA,Logística,Alta,20,Material Sintetico 0060,Ferramentas,30,61,CX,E00100,2025-03-18,62.0,5.0,0,1.0,0.0,6,1,33.0,6.0,1,0,2025-02
PC00101,2025-08-05,F023,M0045,454,779.14,353729.56,2025-08-10,Em aberto,Fornecedor Sintetico 23,RJ,Logística,Baixa,5,Material Sintetico 0045,Elétricos,45,30,L,E00101,,0.0,-454.0,,0.0,0.0,0,0,,,0,1,2025-08
PC00102,2025-10-23,F004,M0021,269,187.13,50337.97,2025-11-02,Entregue,Fornecedor Sintetico 04,RJ,Logística,Média,3,Material Sintetico 0021,Ferramentas,40,92,CX,E00102,2025-11-08,264.0,-5.0,0,0.0,0.0,0,0,16.0,6.0,1,0,2025-10
PC00103,2025-05-23,F030,M0060,303,198.43,60124.29,2025-06-05,Parcial,Fornecedor Sintetico 30,PR,Serviços,Média,10,Material Sintetico 0060,Ferramentas,30,61,CX,E00103,2025-06-17,247.0,-56.0,0,0.0,0.0,0,0,25.0,12.0,1,0,2025-05
PC00104,2025-01-14,F013,M0047,321,790.29,253683.09,2025-02-05,Entregue,Fornecedor Sintetico 13,RJ,Químicos,Média,15,Material Sintetico 0047,Peças industriais,62,77,CX,E00104,2025-02-04,318.0,-3.0,1,0.0,0.0,0,0,21.0,-1.0,0,0,2025-01
PC00105,2025-04-03,F025,M0028,455,128.62,58522.1,2025-04-30,Entregue,Fornecedor Sintetico 25,RS,MRO,Média,20,Material Sintetico 0028,Ferramentas,77,131,M,E00105,2025-04-29,455.0,0.0,1,1.0,1.0,25,1,26.0,-1.0,0,0,2025-04
PC00106,2025-07-09,F011,M0048,169,615.58,104033.02,2025-08-13,Entregue,Fornecedor Sintetico 11,SC,Embalagens,Alta,30,Material Sintetico 0048,Correntes,143,297,CX,E00106,2025-08-22,169.0,0.0,0,1.0,0.0,3,1,44.0,9.0,1,0,2025-07
PC00107,2025-09-06,F015,M0022,320,380.2,121664.0,2025-09-18,Entregue,Fornecedor Sintetico 15,RS,Logística,Alta,10,Material Sintetico 0022,Correias,37,50,KG,E00107,2025-09-19,315.0,-5.0,0,0.0,0.0,0,0,13.0,1.0,1,0,2025-09
PC00108,2025-10-31,F006,M0017,259,451.68,116985.12,2025-11-17,Entregue,Fornecedor Sintetico 06,GO,Logística,Alta,15,Material Sintetico 0017,Elétricos,61,57,L,E00108,2025-11-18,259.0,0.0,0,1.0,0.0,31,1,18.0,1.0,1,1,2025-10
PC00109,2025-05-29,F028,M0056,177,109.03,19298.31,2025-06-04,Entregue,Fornecedor Sintetico 28,BA,MRO,Média,3,Material Sintetico 0056,Elétricos,60,120,L,E00109,2025-06-03,167.0,-10.0,1,0.0,0.0,0,0,5.0,-1.0,0,0,2025-05
PC00110,2025-10-14,F022,M0058,436,570.5,248738.0,2025-11-05,Entregue,Fornecedor Sintetico 22,PR,Serviços,Média,20,Material Sintetico 0058,Correntes,37,49,CX,E00110,2025-11-11,436.0,0.0,0,1.0,0.0,0,0,28.0,6.0,1,0,2025-10
PC00111,2025-02-09,F028,M0055,451,271.6,122491.6,2025-02-15,Entregue,Fornecedor Sintetico 28,BA,MRO,Média,3,Material Sintetico 0055,Embalagens,32,66,L,E00111,2025-02-19,441.0,-10.0,0,0.0,0.0,0,0,10.0,4.0,1,0,2025-02
PC00112,2025-06-16,F001,M0002,97,682.71,66222.87,2025-06-28,Entregue,Fornecedor Sintetico 01,RJ,Metais,Baixa,7,Material Sintetico 0002,Correntes,55,78,L,E00112,2025-07-02,92.0,-5.0,0,0.0,0.0,4,1,16.0,4.0,1,0,2025-06
PC00113,2025-07-22,F004,M0010,455,269.25,122508.75,2025-07-27,Entregue,Fornecedor Sintetico 04,RJ,Logística,Média,3,Material Sintetico 0010,Ferramentas,22,39,L,E00113,2025-07-31,455.0,0.0,0,1.0,0.0,0,0,9.0,4.0,1,0,2025-07
PC00114,2025-09-19,F017,M0054,109,770.79,84016.11,2025-10-11,Entregue,Fornecedor Sintetico 17,BA,Logística,Alta,20,Material Sintetico 0054,Lubrificantes,35,64,UN,E00114,2025-10-23,109.0,0.0,0,1.0,0.0,0,0,34.0,12.0,1,0,2025-09
PC00115,2025-04-12,F009,M0054,98,515.22,50491.56,2025-05-19,Entregue,Fornecedor Sintetico 09,SC,Elétricos,Alta,30,Material Sintetico 0054,Lubrificantes,35,64,UN,E00115,2025-05-31,100.0,2.0,0,1.0,0.0,0,0,49.0,12.0,1,0,2025-04
PC00116,2025-10-24,F003,M0047,239,581.51,138980.89,2025-11-13,Entregue,Fornecedor Sintetico 03,RJ,Serviços,Baixa,15,Material Sintetico 0047,Peças industriais,62,77,CX,E00116,2025-11-25,234.0,-5.0,0,0.0,0.0,0,0,32.0,12.0,1,0,2025-10
PC00117,2025-03-19,F010,M0005,235,65.5,15392.5,2025-03-29,Entregue,Fornecedor Sintetico 10,MG,Serviços,Média,7,Material Sintetico 0005,Embalagens,55,75,UN,E00117,2025-04-04,235.0,0.0,0,1.0,0.0,0,0,16.0,6.0,1,0,2025-03
PC00118,2025-08-25,F014,M0041,241,39.67,9560.47,2025-09-16,Parcial,Fornecedor Sintetico 14,SC,Elétricos,Alta,20,Material Sintetico 0041,Correntes,83,158,KG,E00118,2025-09-14,202.0,-39.0,1,0.0,0.0,0,0,20.0,-2.0,0,0,2025-08
PC00119,2025-09-17,F009,M0055,206,397.6,81905.6,2025-10-22,Em aberto,Fornecedor Sintetico 09,SC,Elétricos,Alta,30,Material Sintetico 0055,Embalagens,32,66,L,E00119,,0.0,-206.0,,0.0,0.0,0,0,,,0,0,2025-09
PC00120,2025-10-20,F014,M0046,343,166.5,57109.5,2025-11-14,Entregue,Fornecedor Sintetico 14,SC,Elétricos,Alta,20,Material Sintetico 0046,Ferramentas,23,25,KG,E00120,2025-11-13,343.0,0.0,1,1.0,1.0,0,0,24.0,-1.0,0,0,2025-10
PC00121,2025-06-25,F013,M0042,375,79.01,29628.75,2025-07-17,Entregue,Fornecedor Sintetico 13,RJ,Químicos,Média,15,Material Sintetico 0042,Correias,134,213,CX,E00121,2025-07-17,377.0,2.0,1,1.0,1.0,0,0,22.0,0.0,0,0,2025-06
PC00122,2025-11-09,F001,M0012,91,314.4,28610.4,2025-11-18,Entregue,Fornecedor Sintetico 01,RJ,Metais,Baixa,7,Material Sintetico 0012,Peças industriais,95,118,KG,E00122,2025-11-22,91.0,0.0,0,1.0,0.0,0,0,13.0,4.0,1,0,2025-11
PC00123,2025-02-03,F016,M0037,178,87.57,15587.46,2025-03-12,Entregue,Fornecedor Sintetico 16,RJ,Logística,Média,30,Material Sintetico 0037,Peças industriais,44,71,M,E00123,2025-03-12,178.0,0.0,1,1.0,1.0,0,0,37.0,0.0,0,0,2025-02
PC00124,2025-03-14,F009,M0021,479,302.55,144921.45,2025-04-20,Entregue,Fornecedor Sintetico 09,SC,Elétricos,Alta,30,Material Sintetico 0021,Ferramentas,40,92,CX,E00124,2025-04-21,479.0,0.0,0,1.0,0.0,0,0,38.0,1.0,1,0,2025-03
PC00125,2025-06-18,F023,M0021,426,115.6,49245.6,2025-06-30,Parcial,Fornecedor Sintetico 23,RJ,Logística,Baixa,5,Material Sintetico 0021,Ferramentas,40,92,CX,E00125,2025-07-04,323.0,-103.0,0,0.0,0.0,0,0,16.0,4.0,1,0,2025-06
PC00126,2025-08-05,F030,M0008,270,312.66,84418.2,2025-08-17,Entregue,Fornecedor Sintetico 30,PR,Serviços,Média,10,Material Sintetico 0008,Peças industriais,36,69,CX,E00126,2025-08-29,265.0,-5.0,0,0.0,0.0,0,0,24.0,12.0,1,0,2025-08
PC00127,2025-04-26,F013,M0001,80,138.46,11076.8,2025-05-13,Parcial,Fornecedor Sintetico 13,RJ,Químicos,Média,15,Material Sintetico 0001,Correias,137,242,M,E00127,2025-05-11,63.0,-17.0,1,0.0,0.0,0,0,15.0,-2.0,0,0,2025-04
PC00128,2025-01-20,F011,M0060,348,291.56,101462.88,2025-02-24,Entregue,Fornecedor Sintetico 11,SC,Embalagens,Alta,30,Material Sintetico 0060,Ferramentas,30,61,CX,E00128,2025-02-24,348.0,0.0,1,1.0,1.0,0,0,35.0,0.0,0,0,2025-01
PC00129,2025-11-16,F018,M0050,424,768.04,325648.96,2025-11-28,Entregue,Fornecedor Sintetico 18,RJ,Metais,Baixa,5,Material Sintetico 0050,Peças industriais,20,10,M,E00129,2025-11-29,424.0,0.0,0,1.0,0.0,0,0,13.0,1.0,1,1,2025-11
PC00130,2025-08-18,F028,M0015,129,457.64,59035.56,2025-08-23,Em aberto,Fornecedor Sintetico 28,BA,MRO,Média,3,Material Sintetico 0015,EPIs,47,25,L,E00130,,0.0,-129.0,,0.0,0.0,0,0,,,0,1,2025-08
PC00131,2025-04-10,F002,M0036,198,579.13,114667.74,2025-05-05,Em aberto,Fornecedor Sintetico 02,PR,Embalagens,Alta,20,Material Sintetico 0036,Correntes,124,102,UN,E00131,,0.0,-198.0,,0.0,0.0,0,0,,,0,1,2025-04
PC00132,2025-07-15,F016,M0022,267,452.12,120716.04,2025-08-15,Parcial,Fornecedor Sintetico 16,RJ,Logística,Média,30,Material Sintetico 0022,Correias,37,50,KG,E00132,2025-08-21,136.0,-131.0,0,0.0,0.0,0,0,37.0,6.0,1,0,2025-07
PC00133,2025-07-10,F030,M0053,293,794.68,232841.24,2025-07-27,Parcial,Fornecedor Sintetico 30,PR,Serviços,Média,10,Material Sintetico 0053,Correntes,95,107,UN,E00133,2025-08-02,169.0,-124.0,0,0.0,0.0,0,0,23.0,6.0,1,0,2025-07
PC00134,2025-09-20,F007,M0044,85,707.74,60157.9,2025-10-10,Em aberto,Fornecedor Sintetico 07,PR,Serviços,Baixa,20,Material Sintetico 0044,Ferramentas,83,110,CX,E00134,,0.0,-85.0,,0.0,0.0,0,0,,,0,0,2025-09
PC00135,2025-06-28,F014,M0011,486,30.46,14803.56,2025-07-18,Entregue,Fornecedor Sintetico 14,SC,Elétricos,Alta,20,Material Sintetico 0011,Lubrificantes,88,109,UN,E00135,2025-07-18,476.0,-10.0,1,0.0,0.0,0,0,20.0,0.0,0,0,2025-06
PC00136,2025-01-15,F002,M0055,173,791.76,136974.48,2025-02-11,Entregue,Fornecedor Sintetico 02,PR,Embalagens,Alta,20,Material Sintetico 0055,Embalagens,32,66,L,E00136,2025-02-17,173.0,0.0,0,1.0,0.0,5,1,33.0,6.0,1,0,2025-01
PC00137,2025-02-10,F024,M0049,19,223.49,4246.31,2025-02-16,Entregue,Fornecedor Sintetico 24,GO,Serviços,Alta,5,Material Sintetico 0049,Correias,35,59,CX,E00137,2025-02-20,24.0,5.0,0,1.0,0.0,0,0,10.0,4.0,1,0,2025-02
PC00138,2025-05-02,F014,M0003,164,110.6,18138.4,2025-05-23,Entregue,Fornecedor Sintetico 14,SC,Elétricos,Alta,20,Material Sintetico 0003,Peças industriais,87,161,L,E00138,2025-05-29,166.0,2.0,0,1.0,0.0,18,1,27.0,6.0,1,0,2025-05
PC00139,2025-05-30,F001,M0057,229,9.32,2134.28,2025-06-08,Entregue,Fornecedor Sintetico 01,RJ,Metais,Baixa,7,Material Sintetico 0057,Correias,40,41,UN,E00139,2025-06-09,229.0,0.0,0,1.0,0.0,0,0,10.0,1.0,1,0,2025-05
PC00140,2025-09-27,F010,M0046,288,435.17,125328.96,2025-10-09,Entregue,Fornecedor Sintetico 10,MG,Serviços,Média,7,Material Sintetico 0046,Ferramentas,23,25,KG,E00140,2025-10-10,290.0,2.0,0,1.0,0.0,24,1,13.0,1.0,1,0,2025-09
PC00141,2025-02-04,F025,M0049,186,211.03,39251.58,2025-03-03,Entregue,Fornecedor Sintetico 25,RS,MRO,Média,20,Material Sintetico 0049,Correias,35,59,CX,E00141,2025-03-07,181.0,-5.0,0,0.0,0.0,18,1,31.0,4.0,1,0,2025-02
PC00142,2025-08-26,F008,M0005,366,410.92,150396.72,2025-09-06,Parcial,Fornecedor Sintetico 08,GO,MRO,Alta,10,Material Sintetico 0005,Embalagens,55,75,UN,E00142,2025-09-04,292.0,-74.0,1,0.0,0.0,0,0,9.0,-2.0,0,0,2025-08
PC00143,2025-01-23,F007,M0059,415,175.95,73019.25,2025-02-12,Entregue,Fornecedor Sintetico 07,PR,Serviços,Baixa,20,Material Sintetico 0059,Correntes,50,84,L,E00143,2025-02-12,405.0,-10.0,1,0.0,0.0,0,0,20.0,0.0,0,0,2025-01
PC00144,2025-05-10,F020,M0025,28,642.27,17983.56,2025-05-21,Entregue,Fornecedor Sintetico 20,RJ,MRO,Média,10,Material Sintetico 0025,EPIs,71,85,CX,E00144,2025-05-27,28.0,0.0,0,1.0,0.0,0,0,17.0,6.0,1,0,2025-05
PC00145,2025-03-05,F008,M0054,419,317.87,133187.53,2025-03-18,Entregue,Fornecedor Sintetico 08,GO,MRO,Alta,10,Material Sintetico 0054,Lubrificantes,35,64,UN,E00145,2025-03-27,409.0,-10.0,0,0.0,0.0,0,0,22.0,9.0,1,0,2025-03
PC00146,2025-09-12,F003,M0041,198,786.27,155681.46,2025-10-02,Entregue,Fornecedor Sintetico 03,RJ,Serviços,Baixa,15,Material Sintetico 0041,Correntes,83,158,KG,E00146,2025-09-30,188.0,-10.0,1,0.0,0.0,18,1,18.0,-2.0,0,0,2025-09
PC00147,2025-06-17,F014,M0034,348,256.93,89411.64,2025-07-10,Entregue,Fornecedor Sintetico 14,SC,Elétricos,Alta,20,Material Sintetico 0034,Correias,74,67,L,E00147,2025-07-11,350.0,2.0,0,1.0,0.0,0,0,24.0,1.0,1,1,2025-06
PC00148,2025-06-30,F007,M0036,324,848.44,274894.56,2025-07-22,Entregue,Fornecedor Sintetico 07,PR,Serviços,Baixa,20,Material Sintetico 0036,Correntes,124,102,UN,E00148,2025-07-28,324.0,0.0,0,1.0,0.0,24,1,28.0,6.0,1,1,2025-06
PC00149,2025-03-15,F008,M0001,444,519.58,230693.52,2025-03-28,Entregue,Fornecedor Sintetico 08,GO,MRO,Alta,10,Material Sintetico 0001,Correias,137,242,M,E00149,2025-03-26,439.0,-5.0,1,0.0,0.0,0,0,11.0,-2.0,0,0,2025-03
PC00150,2025-01-17,F005,M0010,319,137.19,43763.61,2025-01-25,Em aberto,Fornecedor Sintetico 05,SP,Metais,Alta,5,Material Sintetico 0010,Ferramentas,22,39,L,E00150,,0.0,-319.0,,0.0,0.0,0,0,,,0,0,2025-01
PC00151,2025-10-21,F015,M0032,80,453.81,36304.8,2025-11-03,Entregue,Fornecedor Sintetico 15,RS,Logística,Alta,10,Material Sintetico 0032,Lubrificantes,28,70,UN,E00151,2025-11-03,80.0,0.0,1,1.0,1.0,8,1,13.0,0.0,0,0,2025-10
PC00152,2025-03-02,F019,M0048,144,660.52,95114.88,2025-04-08,Entregue,Fornecedor Sintetico 19,SC,Metais,Alta,30,Material Sintetico 0048,Correntes,143,297,CX,E00152,2025-04-20,141.0,-3.0,0,0.0,0.0,0,0,49.0,12.0,1,0,2025-03
PC00153,2025-03-04,F012,M0027,79,726.08,57360.32,2025-03-17,Entregue,Fornecedor Sintetico 12,BA,Metais,Alta,10,Material Sintetico 0027,Ferramentas,135,117,KG,E00153,2025-03-21,79.0,0.0,0,1.0,0.0,0,0,17.0,4.0,1,1,2025-03
PC00154,2025-06-27,F013,M0055,373,62.68,23379.64,2025-07-17,Entregue,Fornecedor Sintetico 13,RJ,Químicos,Média,15,Material Sintetico 0055,Embalagens,32,66,L,E00154,2025-07-17,373.0,0.0,1,1.0,1.0,0,0,20.0,0.0,0,0,2025-06
PC00155,2025-11-23,F003,M0054,99,676.29,66952.71,2025-12-13,Entregue,Fornecedor Sintetico 03,RJ,Serviços,Baixa,15,Material Sintetico 0054,Lubrificantes,35,64,UN,E00155,2025-12-25,99.0,0.0,0,1.0,0.0,0,0,32.0,12.0,1,0,2025-11
PC00156,2025-07-04,F010,M0050,293,489.86,143528.98,2025-07-14,Parcial,Fornecedor Sintetico 10,MG,Serviços,Média,7,Material Sintetico 0050,Peças industriais,20,10,M,E00156,2025-07-16,212.0,-81.0,0,0.0,0.0,13,1,12.0,2.0,1,1,2025-07
PC00157,2025-10-22,F021,M0033,47,113.53,5335.91,2025-10-31,Entregue,Fornecedor Sintetico 21,BA,Embalagens,Média,7,Material Sintetico 0033,EPIs,80,119,CX,E00157,2025-11-01,52.0,5.0,0,1.0,0.0,0,0,10.0,1.0,1,0,2025-10
PC00158,2025-10-10,F006,M0047,337,502.92,169484.04,2025-10-26,Entregue,Fornecedor Sintetico 06,GO,Logística,Alta,15,Material Sintetico 0047,Peças industriais,62,77,CX,E00158,2025-11-04,337.0,0.0,0,1.0,0.0,0,0,25.0,9.0,1,0,2025-10
PC00159,2025-06-05,F014,M0052,94,144.38,13571.72,2025-07-02,Entregue,Fornecedor Sintetico 14,SC,Elétricos,Alta,20,Material Sintetico 0052,Correias,144,185,KG,E00159,2025-07-11,99.0,5.0,0,1.0,0.0,0,0,36.0,9.0,1,0,2025-06
PC00160,2025-05-09,F026,M0019,110,542.72,59699.2,2025-05-21,Entregue,Fornecedor Sintetico 26,GO,Embalagens,Baixa,7,Material Sintetico 0019,Lubrificantes,48,48,M,E00160,2025-05-23,115.0,5.0,0,1.0,0.0,10,1,14.0,2.0,1,0,2025-05
PC00161,2025-11-16,F003,M0017,378,767.48,290107.44,2025-12-03,Parcial,Fornecedor Sintetico 03,RJ,Serviços,Baixa,15,Material Sintetico 0017,Elétricos,61,57,L,E00161,2025-12-05,310.0,-68.0,0,0.0,0.0,37,1,19.0,2.0,1,1,2025-11
PC00162,2025-08-02,F018,M0013,326,546.03,178005.78,2025-08-10,Parcial,Fornecedor Sintetico 18,RJ,Metais,Baixa,5,Material Sintetico 0013,Elétricos,136,222,M,E00162,2025-08-12,240.0,-86.0,0,0.0,0.0,0,0,10.0,2.0,1,0,2025-08
PC00163,2025-07-27,F012,M0018,162,389.88,63160.56,2025-08-13,Entregue,Fornecedor Sintetico 12,BA,Metais,Alta,10,Material Sintetico 0018,Embalagens,102,170,UN,E00163,2025-08-14,164.0,2.0,0,1.0,0.0,0,0,18.0,1.0,1,0,2025-07
PC00164,2025-03-15,F018,M0027,170,733.37,124672.9,2025-03-22,Entregue,Fornecedor Sintetico 18,RJ,Metais,Baixa,5,Material Sintetico 0027,Ferramentas,135,117,KG,E00164,2025-03-28,160.0,-10.0,0,0.0,0.0,17,1,13.0,6.0,1,1,2025-03
PC00165,2025-08-27,F022,M0001,72,233.21,16791.12,2025-09-17,Entregue,Fornecedor Sintetico 22,PR,Serviços,Média,20,Material Sintetico 0001,Correias,137,242,M,E00165,2025-09-15,62.0,-10.0,1,0.0,0.0,0,0,19.0,-2.0,0,0,2025-08
PC00166,2025-03-23,F025,M0055,426,283.7,120856.2,2025-04-17,Entregue,Fornecedor Sintetico 25,RS,MRO,Média,20,Material Sintetico 0055,Embalagens,32,66,L,E00166,2025-04-16,426.0,0.0,1,1.0,1.0,0,0,24.0,-1.0,0,0,2025-03
PC00167,2025-09-13,F007,M0006,460,267.79,123183.4,2025-10-03,Entregue,Fornecedor Sintetico 07,PR,Serviços,Baixa,20,Material Sintetico 0006,Ferramentas,32,43,KG,E00167,2025-10-04,462.0,2.0,0,1.0,0.0,0,0,21.0,1.0,1,0,2025-09
PC00168,2025-06-30,F020,M0025,34,50.56,1719.04,2025-07-13,Entregue,Fornecedor Sintetico 20,RJ,MRO,Média,10,Material Sintetico 0025,EPIs,71,85,CX,E00168,2025-07-19,36.0,2.0,0,1.0,0.0,0,0,19.0,6.0,1,0,2025-06
PC00169,2025-02-25,F027,M0011,230,120.77,27777.1,2025-03-29,Entregue,Fornecedor Sintetico 27,SP,Embalagens,Alta,30,Material Sintetico 0011,Lubrificantes,88,109,UN,E00169,2025-04-02,225.0,-5.0,0,0.0,0.0,19,1,36.0,4.0,1,0,2025-02
PC00170,2025-05-28,F021,M0018,47,333.31,15665.57,2025-06-07,Parcial,Fornecedor Sintetico 21,BA,Embalagens,Média,7,Material Sintetico 0018,Embalagens,102,170,UN,E00170,2025-06-07,42.0,-5.0,1,0.0,0.0,0,0,10.0,0.0,0,0,2025-05
PC00171,2025-02-19,F014,M0015,211,322.23,67990.53,2025-03-13,Entregue,Fornecedor Sintetico 14,SC,Elétricos,Alta,20,Material Sintetico 0015,EPIs,47,25,L,E00171,2025-03-13,211.0,0.0,1,1.0,1.0,0,0,22.0,0.0,0,1,2025-02
PC00172,2025-09-14,F020,M0060,30,46.15,1384.5,2025-09-25,Entregue,Fornecedor Sintetico 20,RJ,MRO,Média,10,Material Sintetico 0060,Ferramentas,30,61,CX,E00172,2025-10-01,35.0,5.0,0,1.0,0.0,0,0,17.0,6.0,1,0,2025-09
PC00173,2025-09-21,F029,M0020,81,284.15,23016.15,2025-10-03,Entregue,Fornecedor Sintetico 29,PR,Logística,Baixa,7,Material Sintetico 0020,Elétricos,81,58,KG,E00173,2025-10-04,78.0,-3.0,0,0.0,0.0,0,0,13.0,1.0,1,1,2025-09
PC00174,2025-09-18,F011,M0060,282,420.45,118566.9,2025-10-23,Entregue,Fornecedor Sintetico 11,SC,Embalagens,Alta,30,Material Sintetico 0060,Ferramentas,30,61,CX,E00174,2025-10-29,277.0,-5.0,0,0.0,0.0,0,0,41.0,6.0,1,0,2025-09
PC00175,2025-10-26,F017,M0043,167,678.87,113371.29,2025-11-22,Parcial,Fornecedor Sintetico 17,BA,Logística,Alta,20,Material Sintetico 0043,EPIs,66,94,CX,E00175,2025-11-24,120.0,-47.0,0,0.0,0.0,0,0,29.0,2.0,1,0,2025-10
PC00176,2025-10-24,F013,M0017,305,199.59,60874.95,2025-11-08,Entregue,Fornecedor Sintetico 13,RJ,Químicos,Média,15,Material Sintetico 0017,Elétricos,61,57,L,E00176,2025-11-07,295.0,-10.0,1,0.0,0.0,3,1,14.0,-1.0,0,1,2025-10
PC00177,2025-08-14,F016,M0047,170,360.61,61303.7,2025-09-16,Entregue,Fornecedor Sintetico 16,RJ,Logística,Média,30,Material Sintetico 0047,Peças industriais,62,77,CX,E00177,2025-09-17,172.0,2.0,0,1.0,0.0,0,0,34.0,1.0,1,0,2025-08
PC00178,2025-02-01,F012,M0050,371,124.27,46104.17,2025-02-12,Entregue,Fornecedor Sintetico 12,BA,Metais,Alta,10,Material Sintetico 0050,Peças industriais,20,10,M,E00178,2025-02-24,373.0,2.0,0,1.0,0.0,0,0,23.0,12.0,1,1,2025-02
PC00179,2025-08-24,F006,M0027,477,456.89,217936.53,2025-09-13,Entregue,Fornecedor Sintetico 06,GO,Logística,Alta,15,Material Sintetico 0027,Ferramentas,135,117,KG,E00179,2025-09-17,474.0,-3.0,0,0.0,0.0,0,0,24.0,4.0,1,1,2025-08
PC00180,2025-05-23,F020,M0058,295,259.34,76505.3,2025-06-04,Parcial,Fornecedor Sintetico 20,RJ,MRO,Média,10,Material Sintetico 0058,Correntes,37,49,CX,E00180,2025-06-08,224.0,-71.0,0,0.0,0.0,0,0,16.0,4.0,1,0,2025-05
PC00181,2025-10-14,F014,M0012,488,794.84,387881.92,2025-11-10,Entregue,Fornecedor Sintetico 14,SC,Elétricos,Alta,20,Material Sintetico 0012,Peças industriais,95,118,KG,E00181,2025-11-09,493.0,5.0,1,1.0,1.0,0,0,26.0,-1.0,0,0,2025-10
PC00182,2025-06-26,F025,M0002,498,658.92,328142.16,2025-07-17,Entregue,Fornecedor Sintetico 25,RS,MRO,Média,20,Material Sintetico 0002,Correntes,55,78,L,E00182,2025-07-17,498.0,0.0,1,1.0,1.0,0,0,21.0,0.0,0,0,2025-06
PC00183,2025-05-12,F005,M0026,392,411.38,161260.96,2025-05-18,Parcial,Fornecedor Sintetico 05,SP,Metais,Alta,5,Material Sintetico 0026,Embalagens,115,179,L,E00183,2025-05-18,275.0,-117.0,1,0.0,0.0,0,0,6.0,0.0,0,0,2025-05
PC00184,2025-10-28,F018,M0032,132,212.15,28003.8,2025-11-09,Cancelado,Fornecedor Sintetico 18,RJ,Metais,Baixa,5,Material Sintetico 0032,Lubrificantes,28,70,UN,,,,,,,,0,0,,,0,0,2025-10
PC00185,2025-04-30,F008,M0054,36,92.37,3325.32,2025-05-12,Entregue,Fornecedor Sintetico 08,GO,MRO,Alta,10,Material Sintetico 0054,Lubrificantes,35,64,UN,E00185,2025-05-10,36.0,0.0,1,1.0,1.0,4,1,10.0,-2.0,0,0,2025-04
PC00186,2025-05-28,F017,M0054,174,248.32,43207.68,2025-06-17,Cancelado,Fornecedor Sintetico 17,BA,Logística,Alta,20,Material Sintetico 0054,Lubrificantes,35,64,UN,,,,,,,,0,0,,,0,0,2025-05
PC00187,2025-10-21,F025,M0049,128,458.6,58700.8,2025-11-17,Parcial,Fornecedor Sintetico 25,RS,MRO,Média,20,Material Sintetico 0049,Correias,35,59,CX,E00187,2025-11-14,110.0,-18.0,1,0.0,0.0,0,0,24.0,-3.0,0,0,2025-10
PC00188,2025-01-19,F015,M0002,438,342.27,149914.26,2025-02-01,Entregue,Fornecedor Sintetico 15,RS,Logística,Alta,10,Material Sintetico 0002,Correntes,55,78,L,E00188,2025-02-05,435.0,-3.0,0,0.0,0.0,0,0,17.0,4.0,1,0,2025-01
PC00189,2025-10-18,F020,M0034,318,98.35,31275.3,2025-10-30,Entregue,Fornecedor Sintetico 20,RJ,MRO,Média,10,Material Sintetico 0034,Correias,74,67,L,E00189,2025-11-11,323.0,5.0,0,1.0,0.0,0,0,24.0,12.0,1,1,2025-10
PC00190,2025-03-10,F022,M0044,445,432.55,192484.75,2025-04-01,Entregue,Fornecedor Sintetico 22,PR,Serviços,Média,20,Material Sintetico 0044,Ferramentas,83,110,CX,E00190,2025-03-31,445.0,0.0,1,1.0,1.0,0,0,21.0,-1.0,0,0,2025-03
PC00191,2025-04-06,F016,M0008,17,628.23,10679.91,2025-05-08,Entregue,Fornecedor Sintetico 16,RJ,Logística,Média,30,Material Sintetico 0008,Peças industriais,36,69,CX,E00191,2025-05-12,17.0,0.0,0,1.0,0.0,0,0,36.0,4.0,1,0,2025-04
PC00192,2025-07-27,F014,M0027,433,368.13,159400.29,2025-08-18,Entregue,Fornecedor Sintetico 14,SC,Elétricos,Alta,20,Material Sintetico 0027,Ferramentas,135,117,KG,E00192,2025-08-22,433.0,0.0,0,1.0,0.0,0,0,26.0,4.0,1,1,2025-07
PC00193,2025-05-08,F003,M0032,13,227.58,2958.54,2025-05-24,Entregue,Fornecedor Sintetico 03,RJ,Serviços,Baixa,15,Material Sintetico 0032,Lubrificantes,28,70,UN,E00193,2025-05-24,8.0,-5.0,1,0.0,0.0,0,0,16.0,0.0,0,0,2025-05
PC00194,2025-01-06,F015,M0030,143,558.4,79851.2,2025-01-23,Entregue,Fornecedor Sintetico 15,RS,Logística,Alta,10,Material Sintetico 0030,Elétricos,76,101,UN,E00194,2025-01-27,145.0,2.0,0,1.0,0.0,0,0,21.0,4.0,1,0,2025-01
PC00195,2025-09-15,F029,M0028,482,761.69,367134.58,2025-09-29,Parcial,Fornecedor Sintetico 29,PR,Logística,Baixa,7,Material Sintetico 0028,Ferramentas,77,131,M,E00195,2025-10-03,355.0,-127.0,0,0.0,0.0,0,0,18.0,4.0,1,0,2025-09
PC00196,2025-04-24,F003,M0055,122,814.1,99320.2,2025-05-12,Entregue,Fornecedor Sintetico 03,RJ,Serviços,Baixa,15,Material Sintetico 0055,Embalagens,32,66,L,E00196,2025-05-16,117.0,-5.0,0,0.0,0.0,0,0,22.0,4.0,1,0,2025-04
PC00197,2025-08-30,F023,M0053,397,460.59,182854.23,2025-09-11,Parcial,Fornecedor Sintetico 23,RJ,Logística,Baixa,5,Material Sintetico 0053,Correntes,95,107,UN,E00197,2025-09-15,300.0,-97.0,0,0.0,0.0,0,0,16.0,4.0,1,0,2025-08
PC00198,2025-09-27,F015,M0047,238,452.72,107747.36,2025-10-09,Entregue,Fornecedor Sintetico 15,RS,Logística,Alta,10,Material Sintetico 0047,Peças industriais,62,77,CX,E00198,2025-10-11,238.0,0.0,0,1.0,0.0,0,0,14.0,2.0,1,0,2025-09
PC00199,2025-04-14,F028,M0047,303,459.87,139340.61,2025-04-18,Entregue,Fornecedor Sintetico 28,BA,MRO,Média,3,Material Sintetico 0047,Peças industriais,62,77,CX,E00199,2025-04-19,303.0,0.0,0,1.0,0.0,0,0,5.0,1.0,1,0,2025-04
PC00200,2025-09-08,F026,M0039,56,764.86,42832.16,2025-09-18,Parcial,Fornecedor Sintetico 26,GO,Embalagens,Baixa,7,Material Sintetico 0039,Ferramentas,33,25,UN,E00200,2025-09-19,38.0,-18.0,0,0.0,0.0,0,0,11.0,1.0,1,1,2025-09
PC00201,2025-08-25,F016,M0026,354,687.42,243346.68,2025-10-01,Entregue,Fornecedor Sintetico 16,RJ,Logística,Média,30,Material Sintetico 0026,Embalagens,115,179,L,E00201,2025-10-01,354.0,0.0,1,1.0,1.0,0,0,37.0,0.0,0,0,2025-08
PC00202,2025-01-24,F019,M0014,226,298.09,67368.34,2025-02-23,Entregue,Fornecedor Sintetico 19,SC,Metais,Alta,30,Material Sintetico 0014,Correias,148,66,L,E00202,2025-02-21,226.0,0.0,1,1.0,1.0,0,0,28.0,-2.0,0,1,2025-01
PC00203,2025-05-27,F012,M0037,219,159.54,34939.26,2025-06-07,Parcial,Fornecedor Sintetico 12,BA,Metais,Alta,10,Material Sintetico 0037,Peças industriais,44,71,M,E00203,2025-06-19,162.0,-57.0,0,0.0,0.0,0,0,23.0,12.0,1,0,2025-05
PC00204,2025-08-18,F013,M0053,455,780.21,354995.55,2025-09-05,Entregue,Fornecedor Sintetico 13,RJ,Químicos,Média,15,Material Sintetico 0053,Correntes,95,107,UN,E00204,2025-09-09,460.0,5.0,0,1.0,0.0,8,1,22.0,4.0,1,0,2025-08
PC00205,2025-04-25,F012,M0014,437,10.92,4772.04,2025-05-05,Em aberto,Fornecedor Sintetico 12,BA,Metais,Alta,10,Material Sintetico 0014,Correias,148,66,L,E00205,,0.0,-437.0,,0.0,0.0,0,0,,,0,1,2025-04
PC00206,2025-08-06,F025,M0044,282,327.35,92312.7,2025-08-27,Entregue,Fornecedor Sintetico 25,RS,MRO,Média,20,Material Sintetico 0044,Ferramentas,83,110,CX,E00206,2025-08-27,279.0,-3.0,1,0.0,0.0,0,0,21.0,0.0,0,0,2025-08
PC00207,2025-02-27,F020,M0033,26,689.58,17929.08,2025-03-12,Entregue,Fornecedor Sintetico 20,RJ,MRO,Média,10,Material Sintetico 0033,EPIs,80,119,CX,E00207,2025-03-21,26.0,0.0,0,1.0,0.0,0,0,22.0,9.0,1,0,2025-02
PC00208,2025-11-01,F008,M0026,27,383.9,10365.3,2025-11-18,Entregue,Fornecedor Sintetico 08,GO,MRO,Alta,10,Material Sintetico 0026,Embalagens,115,179,L,E00208,2025-11-15,27.0,0.0,1,1.0,1.0,0,0,14.0,-3.0,0,0,2025-11
PC00209,2025-04-22,F024,M0030,396,735.26,291162.96,2025-04-27,Entregue,Fornecedor Sintetico 24,GO,Serviços,Alta,5,Material Sintetico 0030,Elétricos,76,101,UN,E00209,2025-05-09,396.0,0.0,0,1.0,0.0,0,0,17.0,12.0,1,0,2025-04
PC00210,2025-06-13,F012,M0010,305,511.45,155992.25,2025-06-30,Parcial,Fornecedor Sintetico 12,BA,Metais,Alta,10,Material Sintetico 0010,Ferramentas,22,39,L,E00210,2025-06-30,257.0,-48.0,1,0.0,0.0,0,0,17.0,0.0,0,0,2025-06
PC00211,2025-07-31,F023,M0038,163,239.68,39067.84,2025-08-10,Em aberto,Fornecedor Sintetico 23,RJ,Logística,Baixa,5,Material Sintetico 0038,Peças industriais,128,54,CX,E00211,,0.0,-163.0,,0.0,0.0,0,0,,,0,1,2025-07
PC00212,2025-11-17,F016,M0041,357,367.7,131268.9,2025-12-20,Entregue,Fornecedor Sintetico 16,RJ,Logística,Média,30,Material Sintetico 0041,Correntes,83,158,KG,E00212,2025-12-20,347.0,-10.0,1,0.0,0.0,0,0,33.0,0.0,0,0,2025-11
PC00213,2025-08-02,F006,M0050,219,133.64,29267.16,2025-08-20,Entregue,Fornecedor Sintetico 06,GO,Logística,Alta,15,Material Sintetico 0050,Peças industriais,20,10,M,E00213,2025-08-21,219.0,0.0,0,1.0,0.0,0,0,19.0,1.0,1,1,2025-08
PC00214,2025-03-15,F010,M0008,422,397.87,167901.14,2025-03-22,Entregue,Fornecedor Sintetico 10,MG,Serviços,Média,7,Material Sintetico 0008,Peças industriais,36,69,CX,E00214,2025-04-03,427.0,5.0,0,1.0,0.0,0,0,19.0,12.0,1,0,2025-03
PC00215,2025-05-11,F019,M0051,114,286.08,32613.12,2025-06-10,Cancelado,Fornecedor Sintetico 19,SC,Metais,Alta,30,Material Sintetico 0051,EPIs,136,228,CX,,,,,,,,0,0,,,0,0,2025-05
PC00216,2025-02-17,F010,M0006,284,618.1,175540.4,2025-02-25,Entregue,Fornecedor Sintetico 10,MG,Serviços,Média,7,Material Sintetico 0006,Ferramentas,32,43,KG,E00216,2025-02-25,284.0,0.0,1,1.0,1.0,0,0,8.0,0.0,0,0,2025-02
PC00217,2025-10-28,F007,M0047,380,573.36,217876.8,2025-11-18,Entregue,Fornecedor Sintetico 07,PR,Serviços,Baixa,20,Material Sintetico 0047,Peças industriais,62,77,CX,E00217,2025-11-24,375.0,-5.0,0,0.0,0.0,0,0,27.0,6.0,1,0,2025-10
PC00218,2025-04-19,F008,M0052,489,168.0,82152.0,2025-05-06,Entregue,Fornecedor Sintetico 08,GO,MRO,Alta,10,Material Sintetico 0052,Correias,144,185,KG,E00218,2025-05-18,491.0,2.0,0,1.0,0.0,0,0,29.0,12.0,1,0,2025-04
PC00219,2025-04-15,F022,M0012,213,778.54,165829.02,2025-05-10,Entregue,Fornecedor Sintetico 22,PR,Serviços,Média,20,Material Sintetico 0012,Peças industriais,95,118,KG,E00219,2025-05-10,215.0,2.0,1,1.0,1.0,0,0,25.0,0.0,0,0,2025-04
PC00220,2025-05-14,F016,M0020,194,439.79,85319.26,2025-06-16,Entregue,Fornecedor Sintetico 16,RJ,Logística,Média,30,Material Sintetico 0020,Elétricos,81,58,KG,E00220,2025-06-22,196.0,2.0,0,1.0,0.0,0,0,39.0,6.0,1,1,2025-05
PC00221,2025-04-15,F001,M0005,199,271.48,54024.52,2025-04-22,Entregue,Fornecedor Sintetico 01,RJ,Metais,Baixa,7,Material Sintetico 0005,Embalagens,55,75,UN,E00221,2025-04-22,199.0,0.0,1,1.0,1.0,10,1,7.0,0.0,0,0,2025-04
PC00222,2025-07-14,F022,M0021,301,709.69,213616.69,2025-08-06,Entregue,Fornecedor Sintetico 22,PR,Serviços,Média,20,Material Sintetico 0021,Ferramentas,40,92,CX,E00222,2025-08-15,296.0,-5.0,0,0.0,0.0,0,0,32.0,9.0,1,0,2025-07
PC00223,2025-11-25,F014,M0034,388,421.08,163379.04,2025-12-16,Entregue,Fornecedor Sintetico 14,SC,Elétricos,Alta,20,Material Sintetico 0034,Correias,74,67,L,E00223,2025-12-16,388.0,0.0,1,1.0,1.0,0,0,21.0,0.0,0,1,2025-11
PC00224,2025-10-05,F006,M0040,338,813.99,275128.62,2025-10-25,Entregue,Fornecedor Sintetico 06,GO,Logística,Alta,15,Material Sintetico 0040,Lubrificantes,123,197,UN,E00224,2025-10-31,338.0,0.0,0,1.0,0.0,0,0,26.0,6.0,1,0,2025-10
PC00225,2025-11-19,F005,M0019,128,65.23,8349.44,2025-11-25,Entregue,Fornecedor Sintetico 05,SP,Metais,Alta,5,Material Sintetico 0019,Lubrificantes,48,48,M,E00225,2025-11-26,123.0,-5.0,0,0.0,0.0,11,1,7.0,1.0,1,0,2025-11
PC00226,2025-10-10,F010,M0009,220,17.98,3955.6,2025-10-22,Entregue,Fornecedor Sintetico 10,MG,Serviços,Média,7,Material Sintetico 0009,EPIs,139,172,L,E00226,2025-10-23,217.0,-3.0,0,0.0,0.0,26,1,13.0,1.0,1,0,2025-10
PC00227,2025-09-26,F006,M0042,86,210.9,18137.4,2025-10-16,Entregue,Fornecedor Sintetico 06,GO,Logística,Alta,15,Material Sintetico 0042,Correias,134,213,CX,E00227,2025-10-22,83.0,-3.0,0,0.0,0.0,0,0,26.0,6.0,1,0,2025-09
PC00228,2025-07-27,F015,M0029,245,483.73,118513.85,2025-08-13,Entregue,Fornecedor Sintetico 15,RS,Logística,Alta,10,Material Sintetico 0029,Correntes,25,29,L,E00228,2025-08-17,245.0,0.0,0,1.0,0.0,0,0,21.0,4.0,1,0,2025-07
PC00229,2025-01-17,F024,M0011,57,349.24,19906.68,2025-01-25,Entregue,Fornecedor Sintetico 24,GO,Serviços,Alta,5,Material Sintetico 0011,Lubrificantes,88,109,UN,E00229,2025-01-23,57.0,0.0,1,1.0,1.0,0,0,6.0,-2.0,0,0,2025-01
PC00230,2025-08-11,F011,M0048,340,668.44,227269.6,2025-09-15,Em aberto,Fornecedor Sintetico 11,SC,Embalagens,Alta,30,Material Sintetico 0048,Correntes,143,297,CX,E00230,,0.0,-340.0,,0.0,0.0,0,0,,,0,0,2025-08
PC00231,2025-01-22,F014,M0008,127,186.01,23623.27,2025-02-18,Parcial,Fornecedor Sintetico 14,SC,Elétricos,Alta,20,Material Sintetico 0008,Peças industriais,36,69,CX,E00231,2025-02-19,59.0,-68.0,0,0.0,0.0,5,1,28.0,1.0,1,0,2025-01
PC00232,2025-06-11,F027,M0045,18,817.56,14716.08,2025-07-16,Entregue,Fornecedor Sintetico 27,SP,Embalagens,Alta,30,Material Sintetico 0045,Elétricos,45,30,L,E00232,2025-07-22,8.0,-10.0,0,0.0,0.0,0,0,41.0,6.0,1,1,2025-06
PC00233,2025-10-16,F023,M0007,133,485.16,64526.28,2025-10-24,Entregue,Fornecedor Sintetico 23,RJ,Logística,Baixa,5,Material Sintetico 0007,Peças industriais,60,142,L,E00233,2025-10-26,123.0,-10.0,0,0.0,0.0,0,0,10.0,2.0,1,0,2025-10
PC00234,2025-02-10,F011,M0020,266,635.67,169088.22,2025-03-14,Entregue,Fornecedor Sintetico 11,SC,Embalagens,Alta,30,Material Sintetico 0020,Elétricos,81,58,KG,E00234,2025-03-15,266.0,0.0,0,1.0,0.0,0,0,33.0,1.0,1,1,2025-02
PC00235,2025-11-01,F021,M0058,213,823.83,175475.79,2025-11-10,Entregue,Fornecedor Sintetico 21,BA,Embalagens,Média,7,Material Sintetico 0058,Correntes,37,49,CX,E00235,2025-11-10,215.0,2.0,1,1.0,1.0,0,0,9.0,0.0,0,0,2025-11
PC00236,2025-07-12,F027,M0052,231,164.39,37974.09,2025-08-16,Entregue,Fornecedor Sintetico 27,SP,Embalagens,Alta,30,Material Sintetico 0052,Correias,144,185,KG,E00236,2025-08-14,228.0,-3.0,1,0.0,0.0,0,0,33.0,-2.0,0,0,2025-07
PC00237,2025-02-12,F003,M0033,147,137.85,20263.95,2025-03-06,Parcial,Fornecedor Sintetico 03,RJ,Serviços,Baixa,15,Material Sintetico 0033,EPIs,80,119,CX,E00237,2025-03-05,91.0,-56.0,1,0.0,0.0,0,0,21.0,-1.0,0,0,2025-02
PC00238,2025-06-07,F002,M0034,237,311.05,73718.85,2025-06-29,Entregue,Fornecedor Sintetico 02,PR,Embalagens,Alta,20,Material Sintetico 0034,Correias,74,67,L,E00238,2025-06-27,227.0,-10.0,1,0.0,0.0,0,0,20.0,-2.0,0,1,2025-06
PC00239,2025-07-28,F023,M0024,62,30.11,1866.82,2025-08-04,Entregue,Fornecedor Sintetico 23,RJ,Logística,Baixa,5,Material Sintetico 0024,Correntes,128,91,L,E00239,2025-08-06,57.0,-5.0,0,0.0,0.0,0,0,9.0,2.0,1,1,2025-07
PC00240,2025-07-31,F026,M0037,208,664.06,138124.48,2025-08-14,Cancelado,Fornecedor Sintetico 26,GO,Embalagens,Baixa,7,Material Sintetico 0037,Peças industriais,44,71,M,,,,,,,,0,0,,,0,0,2025-07
PC00241,2025-10-20,F008,M0011,276,150.79,41618.04,2025-11-02,Entregue,Fornecedor Sintetico 08,GO,MRO,Alta,10,Material Sintetico 0011,Lubrificantes,88,109,UN,E00241,2025-11-02,273.0,-3.0,1,0.0,0.0,0,0,13.0,0.0,0,0,2025-10
PC00242,2025-08-11,F025,M0036,151,362.57,54748.07,2025-09-03,Parcial,Fornecedor Sintetico 25,RS,MRO,Média,20,Material Sintetico 0036,Correntes,124,102,UN,E00242,2025-09-03,132.0,-19.0,1,0.0,0.0,0,0,23.0,0.0,0,1,2025-08
PC00243,2025-11-12,F017,M0033,110,393.52,43287.2,2025-12-03,Entregue,Fornecedor Sintetico 17,BA,Logística,Alta,20,Material Sintetico 0033,EPIs,80,119,CX,E00243,2025-12-12,105.0,-5.0,0,0.0,0.0,0,0,30.0,9.0,1,0,2025-11
PC00244,2025-06-18,F029,M0045,235,289.85,68114.75,2025-07-02,Em aberto,Fornecedor Sintetico 29,PR,Logística,Baixa,7,Material Sintetico 0045,Elétricos,45,30,L,E00244,,0.0,-235.0,,0.0,0.0,0,0,,,0,1,2025-06
PC00245,2025-04-13,F016,M0002,255,272.54,69497.7,2025-05-16,Em aberto,Fornecedor Sintetico 16,RJ,Logística,Média,30,Material Sintetico 0002,Correntes,55,78,L,E00245,,0.0,-255.0,,0.0,0.0,0,0,,,0,0,2025-04
PC00246,2025-09-09,F001,M0029,304,666.42,202591.68,2025-09-18,Entregue,Fornecedor Sintetico 01,RJ,Metais,Baixa,7,Material Sintetico 0029,Correntes,25,29,L,E00246,2025-09-24,294.0,-10.0,0,0.0,0.0,0,0,15.0,6.0,1,0,2025-09
PC00247,2025-04-13,F014,M0043,313,847.7,265330.1,2025-05-04,Entregue,Fornecedor Sintetico 14,SC,Elétricos,Alta,20,Material Sintetico 0043,EPIs,66,94,CX,E00247,2025-05-06,315.0,2.0,0,1.0,0.0,0,0,23.0,2.0,1,0,2025-04
PC00248,2025-05-30,F008,M0048,435,591.37,257245.95,2025-06-12,Entregue,Fornecedor Sintetico 08,GO,MRO,Alta,10,Material Sintetico 0048,Correntes,143,297,CX,E00248,2025-06-11,432.0,-3.0,1,0.0,0.0,0,0,12.0,-1.0,0,0,2025-05
PC00249,2025-08-05,F014,M0044,414,325.43,134728.02,2025-08-28,Em aberto,Fornecedor Sintetico 14,SC,Elétricos,Alta,20,Material Sintetico 0044,Ferramentas,83,110,CX,E00249,,0.0,-414.0,,0.0,0.0,0,0,,,0,0,2025-08
PC00250,2025-09-17,F009,M0056,482,782.97,377391.54,2025-10-24,Entregue,Fornecedor Sintetico 09,SC,Elétricos,Alta,30,Material Sintetico 0056,Elétricos,60,120,L,E00250,2025-10-21,477.0,-5.0,1,0.0,0.0,0,0,34.0,-3.0,0,0,2025-09
